Name,global_score
Dion Drena Beljo,1.4027351654360305
Rauf Salifu,1.3999968496582216
Maximiliano Silvera,1.3828859678139
Germ n Berterame,1.3820237213556248
Thiago Borbas,1.380505850859696
Pedro Raul,1.3755419374139721
Ra£l Garc¡a1,1.37342731780311
Artem Dovbyk,1.3733074895381323
Samson Akinyoola,1.37238287793953
Aziz Yakubu,1.3720928683743936
Federico Girotti,1.3673461067198
Hctor,1.366065981942889
Thijs Dallinga,1.358960714709605
Fran Navarro,1.3559992464247388
Schettine,1.354992418360979
Borja Mayoral,1.3548454079545191
Lorenzo Lucca,1.3545165253403209
Salom¢n Rodr¡guez,1.3537943186444337
Lucas Hler,1.3509561220079789
Luis V zquez,1.347022552600959
Simon Banza,1.3462394122325845
Franco Fr¡as,1.3435797898732038
Bamba Dieng,1.3433211583875748
Francisco Fydriszewski,1.3423799431049366
Adri n Butzke,1.3418422532821832
Samuele Mulattieri,1.340690010330639
Filip Stojilkovi?,1.340629724142054
Ignacio Ram¡rez,1.3402950631138602
Luca Pfeiffer,1.3388049600990928
Florian Ay,1.3383962084076966
Luciano Gondou,1.3381099652753479
Bryan Angulo,1.3366722490901457
Christoffer Nyman,1.3365826394526878
Lincoln1,1.3353180443597776
Emmanuel Boateng,1.334785268027949
Ernesto Torregrossa,1.3333850530019367
Miguel De la Fuente,1.332724027170236
Landry Dimata,1.3320054907964727
Flavio Junior Bianchi,1.331666634005226
Fernando Aristeguieta,1.3312894734654956
Makhtar Guye,1.3308466609946576
Mario Gonz lez,1.3299376702185985
Gilbert µlvarez,1.327830697700868
Roberto de la Rosa,1.3268128972885171
Enes nal,1.3261210975046076
Bruno Miranda,1.3252364780905892
Juan Manuel Cruz,1.3244326623084057
Preslav Borukov,1.3242523335870429
Aune Heggeb,1.3233352769515212
Boli,1.3229312230105683
Mariusz St?pi?ski,1.3227665251216059
Luis Su rez,1.3226016247608716
Adam Bareiro,1.321410362709675
Nils Petersen,1.3211183513846119
Ayase Ueda,1.3209847913385944
Jeison Medina,1.3208172667550278
Francesco Forte,1.318571478644667
Mikael Ishak,1.318379254108926
Ahmed Hassan,1.3180055065147909
Uro? ?ur?evi?,1.3175101675356944
Phillip Tietz,1.3168374038601742
Milton Gimnez,1.315782745726309
Ryan Mmaee,1.3150400868736005
Danilo Pereira1,1.3139048844674437
Walter Gonz lez,1.3138929216606594
Jan Hurtado,1.3134003241793817
Evidence Makgopa,1.3133193694154768
Jon Bautista,1.3133108436493912
Jhonatan Agudelo,1.3118403483546799
Julio Tavares,1.3118100647250608
Facundo Barcelo,1.3117558982771094
Mauro Quiroga,1.3116408697275104
Philipp Hofmann,1.3113296134139374
Luca Mart¡nez Dupuy,1.3112443352011596
Gabriele Gori,1.3090914274434842
Stefano Moreo,1.3084281899583567
Djorkaeff Reasco,1.3082930989218808
Carlos Garcs,1.307383205705837
Marin Ljubi?i?,1.3072322937080068
M'Bala Nzola,1.3071370427471192
Hugo Cuypers,1.306740482550917
Felipe Avenatti,1.3058453757523796
Borja Bast¢n,1.3058136826357787
Lebo Mothiba,1.3056587736941259
Mathias Kvistgaarden,1.3045103265560845
Josh Maja,1.3037440859972822
Bruno Sep£lveda,1.303236856525873
Cedric Itten,1.3030367816014023
Alexander Jeremejeff,1.3016860155229333
Nikola ?tuli?,1.3014991106756253
Patrick Cutrone,1.3009786982811917
µlex Fors,1.3009158560432414
Edoardo Vergani,1.299542585626925
Dani G¢mez,1.298605475974886
Roberto Fern ndez1,1.2985067780509285
Janni Serra,1.2972463844514046
Juan Carlos Arana,1.2972404325016331
Roberto Piccoli,1.2970601183029467
Habib Diallo,1.2956895222170703
Tonislav Yordanov,1.2949299617759076
Giorgi Kvilitaia,1.294884137810867
Michael Krmen?¡k,1.2941234822636714
Enzo Crivelli,1.2931994926905446
Gustavo,1.2930477933697277
Juan Miguel Latasa,1.2922311958388741
Juan Dinenno,1.2921222569274333
Mat?j Pulkrab,1.2918850858310589
Juan Manuel Garc¡a,1.2918376627531263
Jhon Jairo Cifuente,1.2908158913365528
Riad Bajic,1.2906893504310144
Beto,1.289189610060307
Javier Correa,1.2882957193244917
Ramiro Enrique,1.2880055235818522
Amine Salama,1.2874787723672547
Marcos Andr,1.2868134021337836
Mat¡as C¢ccaro,1.2866557966475365
Jorge Pereyra D¡az,1.2863671524326943
Abel Ruiz,1.286314802121244
Mostafa Mohamed,1.2855785409959408
Mikael,1.2845693001484348
Mohammed Bouldini,1.284323469242838
Steve Mouni,1.2835906873410674
Markitos,1.2818560326118655
Federico Vi¤as,1.2814792080621267
Moussa Kon,1.2808951758687361
Lucas JoÆo,1.2805726773924508
Oscar Aga,1.2796525257135942
Artem Besedin,1.279447058487309
Eduardo Aguirre,1.2793025114971188
Demba Seck,1.278756734461028
Evann Guessand,1.2785046450036743
Uro? Milovanovi?,1.278320442307356
Douglas Tanque,1.2775822879193497
Rhys Healey,1.2762936727279883
Augusto Lotti,1.2745647668498041
Robert Morales,1.274353181479505
Niall Ennis,1.274225883776304
Borja Garcs,1.2735205914782801
Florin Andone,1.272366437467922
Marco Prez,1.272238232374487
Ludovic Ajorque,1.2709831505167508
Toni Mart¡nez,1.2709390217096517
Werik Pop¢,1.2706083373868515
Jonathan Torres,1.2703553980977629
Toluwalase Arokodare,1.2697682048674297
Juan Mart¡n Lucero,1.2691733764347706
Ibrahima Niane,1.2688471999157218
Gustavo Blanco Leschuk,1.268229956038284
Nikolay Komlichenko,1.26665743236603
Ram¢n Mierez,1.266595676026211
Carlos Alberto,1.2664855978064344
Isaac Kiese Thelin,1.266146047615715
?or?e Jovanovi?,1.266075294528917
Skou Kota,1.2660282328702408
Luca Moro,1.263929817861434
Ricardo Alba,1.2625282620614038
Marcus Antonsson,1.261881323240365
Alexander Sosa,1.2611577010282522
Nigel Robertha,1.2611316650919187
Pape Habib Guye,1.2604906682764092
Francisco da Costa,1.2604728864621246
Nicol s Ib ¤ez,1.2594183612049157
Terem Moffi,1.2594063700964098
Tim Prica,1.2589883572170122
Sebasti n Sosa1,1.2588815132745428
Gonalo Pacincia,1.258544040373332
Dyego Sousa,1.2579206592361891
Ezequiel Ponce,1.2577352011959335
Andrea Favilli,1.2568623393100857
Junior Adamu,1.2556277221634122
Lyndon Dykes,1.2555473119780003
Leonardo Campana,1.2555056197945829
Brenner1,1.2551867385072555
Sergio Le¢n,1.2550958000011665
Felipe Mora,1.2547960169518713
Charles Abi,1.2547593463920774
Elijah Adebayo,1.2547225984946577
Gonzalo Mastriani,1.2545326070537048
Ibrahima Kon,1.2544845262268454
Ignatius Ganago,1.2542083593093856
Dejan Jovelji?,1.2530320551920027
Bas Dost,1.252750975381439
Rodrigo Aguirre,1.2522932779182416
Jaime Mata,1.2518588297726532
Mender Garc¡a,1.251808491602802
Franco Soldano,1.251563333019842
Mauro Mndez,1.2512988388784878
Massimo Coda,1.2500370602224478
Mart¡n Satriano,1.2490902280395555
Ilija Nestorovski,1.2484264900178474
Ivan Sergeev,1.2474983167328646
Mateo Pellegrino,1.2469413376755554
Matt Godden,1.2469138204699748
Kevin Lasagna,1.2469119538832123
Lucas Beltr n,1.2467127310578225
Michael Santos,1.2464129088220885
Rwan,1.2464067248813109
Fedor Chalov,1.2450776577664242
Cristian Colm n,1.2447849671198443
Carlos Corts,1.2445995566938457
Brian Montenegro,1.2445886082726765
Pablo Magn¡n,1.2431877466522023
Rouwen Hennings,1.2429736834085714
Cristian Mart¡nez Borja,1.2429139673735539
Toman,1.2428722593405892
Sory Kaba,1.2425966688319452
Fabian Klos,1.2425221713150896
Jack Vale,1.2422131721330838
Robert Glatzel,1.2419557667856478
Giorgos Giakoumakis,1.240935682441851
Paco Alc cer,1.2406160200722052
Cristian Palacios,1.2402426879199329
Stipe Perica,1.2399671650962931
Oh Hyeon-Gyu,1.2393823238688064
Antonio ?olak,1.2369187435406168
Petar Musa,1.2359506360232364
Alerrandro,1.2349294200115484
Veton Berisha,1.234573748221118
Anthony Lozano,1.2345716342239412
Adolfo Gaich,1.2343732006097774
Cristian Tarragona,1.2322684911580815
Abel Hern ndez,1.2321621817842483
Fran Sol,1.232034248553565
Aleksandar Pe?i?,1.2319587110687293
Brayan Moreno,1.2317456309636292
Danylo Sikan,1.2307302053077758
Luis Amarilla,1.230429840906705
Felipe Caicedo,1.2292755163423852
Agust¡n µlvarez,1.2291544725833452
Rey Manaj,1.2291431959146955
Enis Destan,1.2288991282311499
Leandro Benegas,1.2285406480963046
Jhonatan Candia,1.2281559840061007
F bio Abreu,1.227719212407265
Jackson Muleka,1.2270415781745756
Jrgen Strand Larsen,1.2270248507926231
Santiago Gimnez,1.2269953981269248
Abiel Osorio,1.2260041830265491
Mateo Retegui,1.2250488362393268
Sergio Camello,1.224950357708392
Sam Surridge,1.222717093153637
Pablo Vegetti,1.2218640451631908
Jos Manuel L¢pez,1.2218488877394202
Jean-Pierre Nsam,1.2218147081612778
Shamar Nicholson,1.2217451122372505
Carlos Gonz lez,1.2215515286137553
Luciano Pons,1.2214590207837581
Federico Bonazzoli,1.2211428740682742
Leonardo1,1.220437081372189
Loren,1.220028083181691
Leandro Fern ndez,1.2195619394188602
Erik Botheim,1.2194321710526315
Maximiliano Romero,1.2192623121456818
Tim Kleindienst,1.2185638451701895
Simon Terodde,1.2180355922656543
Jonathan Calleri,1.2177855247847844
Serdar Dursun,1.2158994189325543
Mikael Uhre,1.2150389004394715
àscar Estupi¤ n,1.2148050432253759
Ercan Kara,1.2147231409953576
Erik Shuranov,1.213846017199748
Frank Tsadjout,1.2129385312120897
Fer Ni¤o,1.2123781148297523
Ben Malango,1.2106812804232576
Kacper Przyby?ko,1.2106385988679313
Alan Kardec,1.2103161829419793
Mateo Cassierra,1.2099393833184608
Paulinho1,1.2098508821213607
Leonardo Pavoletti,1.2095517807192517
Rodrigo Pinho,1.2095504515444198
Troy Deeney,1.209284487011245
Muhammet Demir,1.2092783727603584
Nikola Kalini?,1.2083346780369308
Christian Gytkjr,1.208166635215449
Youssouph Badji,1.206261474270367
Bradley Grobler,1.2060535226676234
Asier Villalibre,1.205048237127893
Thiago1,1.2049965860847682
Juan Fernando Caicedo,1.2045325017497204
Michael Rangel,1.2033086542757327
Juli n Carranza,1.2023580959546474
Jefferson Duque,1.2007904667378222
Wilfried Kanga,1.2006824885684957
Cheick Diabat,1.1993226948459081
Henry Mart¡n,1.1992381371751355
El Bilal Tour,1.1980172571534389
Mattia Destro,1.196529608718855
Alex Valera,1.1964123269818496
Stphane Bahoken,1.1963380129595933
Andra? ?porar,1.194259957773423
George Hirst,1.1936515099865272
J£nior NegrÆo,1.1935796244663355
Gianluca Lapadula,1.1935645469828993
Gamid Agalarov,1.1907441331741089
Islam Slimani,1.1903102132617116
Brenner,1.1900726429229658
Lucas Cavallini,1.188890188022
Vladyslav Supriaha,1.1888201570811172
Florian Niederlechner,1.1874082374632562
Stefan Kutschke,1.1862197111358017
Artem Dzyuba,1.1859564481703762
Mame Diouf,1.1858065948698209
Z Lu¡s,1.1851784357502801
Rushian Hepburn-Murphy,1.184818445876785
Daryl Dike,1.1845505763723638
Luis Carlos Ruiz,1.184020349564903
Mbaye Diagne,1.1836748555460295
Alfredo Morelos,1.1814408047983158
Thomas Henry,1.1807204137140141
Diego Chur¡n,1.1795420829250656
Enrique Triverio,1.179417573779862
Emmanuel Gigliotti,1.1786753282328994
Guy Mbenza,1.1758255742435377
Jaros?aw Niezgoda,1.1733987350034414
Jean-David Beauguel,1.173255979216242
Luis Su rez1,1.1731852970003966
Andrea La Mantia,1.1722965870106616
Milan ?uri?,1.1713880115889794
Lois Openda,1.1712534190550348
Alo¡sio,1.1680639650260125
µngel,1.1672195107782755
Rmulo Cardoso,1.1661865525120148
Andreas Cornelius,1.1660861851582915
Kieffer Moore,1.1656353982654444
Stanislav Tecl,1.1635978959908084
Junior Moraes,1.162852339171566
Enric Gallego,1.1620735761653136
Marvin Ducksch,1.1619598198517405
Wilson Morelo,1.1582236358161861
Leandro D¡az,1.15796276993806
Adem¡lson,1.156742061870101
Sebastian Polter,1.1567261263239552
Arthur Cabral,1.1565669240796475
Michal Frey,1.1561850614443356
Chuba Akpom,1.1560941842076102
Fernando Uribe,1.156083392196832
Kevin Gameiro,1.1544952717898473
Pietro Pellegri,1.1538651842528114
Stefano Okaka,1.1502476763571996
Umut Bozok,1.149048295882034
Alexandr Sobolev,1.1481684068142848
Michael Obafemi,1.1475120559502148
Lo Bonatini,1.1451114102160322
Rafael Santos Borr,1.140204091909878
Kaio Jorge,1.137429716997364
Olmes Garc¡a,1.1354716878236983
Csar Arias,1.1347877023551232
Karol ?widerski,1.1344487051415526
Romano Postema,1.1336026079577268
Hwang Ui-Jo,1.133596825016331
Silvio Romero,1.1322732875781543
Roberto Inglese,1.1321066440369543
Jan Kuchta,1.1315067030098103
Lucas Alario,1.131489566186077
Luka Jovi?,1.1308326264318542
Luis Muriel,1.1305271323109136
Mark Uth,1.1287699913680478
Nlson Oliveira,1.125701364781635
Patryk Klimala,1.124381068123892
Haris Seferovic,1.1235843124183464
Alexis S nchez,1.1168982976973685
Fedor Smolov,1.1167693638455347
Aaron Connolly,1.1153738093009287
Aboubakar Kamara,1.1140166178567679
Lewis Grabban,1.111404840790057
Makhte Diop,1.1098059292908968
Federico Macheda,1.1083138805728585
Slavy,1.1075387609940743
Keinan Davis,1.099577257765841
Cyriel Dessers,1.092582088356488
Sebastian Andersson,1.0916604506258167
Mario Balotelli,1.0893233596082963
Davie Selke,1.0834685555696506
Sebasti n Ferreira,1.0782578705761245
Laurent Depoitre,1.0735520169460389
Roman Yaremchuk,1.0729506188613989
Yang Xu,1.0720717727142826
J,1.0701221812884938
Cenk Tosun,1.0655442645489224
Igor Jesus,1.0644179607669024
Rhian Brewster,1.0514238908816258
Zhang Yuning,1.0481510333482063
Ali Mabkhout,1.046183579227324
Michael Olunga,1.039494803331467
Jhon C¢rdoba,1.0341632289042089
Vincent Janssen,1.025426828136665
Jonatan µlvez,1.0155494751714726
Pierre-Michel Lasogga,1.0023834281973218
Abdullah Al-Hamdan,0.9839159090962113
Luiz Adriano,0.9804295059228023
